<addon id="script.kodi.clear" version="1.0.0" name="Kodi Clear Addon" provider-name="YourName">
    <requires>
        <import addon="xbmc.python" version="3.0.0" />
    </requires>
    <extension point="xbmc.python.script" library="default.py">
        <provides>executable</provides>
    </extension>
    <extension point="xbmc.addon.metadata">
        <summary>Clear Kodi Data</summary>
        <description>Erases all Kodi data (use with caution).</description>
        <platform>all</platform>
    </extension>
</addon>
